id,lineName,stationNum,stationName,stationNameKana,trackNum,position,RpdLtdExp,LimitedExp,RpdExp,Exp,SemiExp,positionColor,color,changeStation
150101,名古屋本線,NH37,栄生,さこう,1,一宮・岐阜方面,false,false,false,true,true,青,blue,false
150102,名古屋本線,NH40,二ツ杁,ふたついり,1,一宮・岐阜方面,false,false,false,false,true,青,blue,true
150103,名古屋本線,NH42,須ヶ口,すかぐち,1,一宮・岐阜方面,false,false,true,true,true,青,blue,false
150104,名古屋本線,NH43,丸ノ内,まるのうち,1,一宮・岐阜方面,false,false,false,false,false,青,blue,true
150105,名古屋本線,NH44,新清洲,しんきよす,1,一宮・岐阜方面,false,false,true,true,true,青,blue,false
150106,名古屋本線,NH45,大里,おおさと,1,一宮・岐阜方面,false,false,false,false,false,青,blue,true
150107,名古屋本線,NH46,奥田,おくだ,1,一宮・岐阜方面,false,false,false,false,false,青,blue,true
150108,名古屋本線,NH47,国府宮,こうのみや,1,一宮・岐阜方面,true,true,true,true,true,青,blue,false
150109,名古屋本線,NH48,島氏永,しまうじなが,1,一宮・岐阜方面,false,false,false,false,false,青,blue,true
150110,名古屋本線,NH49,妙興寺,みょうこうじ,1,一宮・岐阜方面,false,false,false,false,false,青,blue,true
150111,名古屋本線,NH50,名鉄一宮,めいてついちのみや,1,一宮・岐阜方面,true,true,true,true,true,青,blue,false
150112,名古屋本線,NH51,今伊勢,いまいせ,1,一宮・岐阜方面,false,false,false,false,false,青,blue,true
150113,名古屋本線,NH52,石刀,いわと,1,一宮・岐阜方面,false,false,false,false,false,青,blue,true
150114,名古屋本線,NH53,新木曽川,しんきそがわ,1,一宮・岐阜方面,true,true,true,true,true,青,blue,false
150115,名古屋本線,NH54,黒田,くろだ,1,一宮・岐阜方面,false,false,false,false,false,青,blue,true
150116,名古屋本線,NH55,木曽川堤,きそがわづつみ,1,一宮・岐阜方面,false,false,false,false,false,青,blue,true
150117,名古屋本線,NH56,笠松,かさまつ,1,一宮・岐阜方面,true,true,true,true,true,青,blue,false
150118,名古屋本線,NH57,岐南,ぎなん,1,一宮・岐阜方面,false,false,false,false,false,青,blue,true
150119,名古屋本線,NH58,茶所,ちゃじょ,1,一宮・岐阜方面,false,false,false,false,false,青,blue,true
150120,名古屋本線,NH59,加納,かのう,1,一宮・岐阜方面,false,false,false,false,false,青,blue,true
150121,名古屋本線,NH60,名鉄岐阜,めいてつぎふ,1,一宮・岐阜方面,true,true,true,true,true,青,blue,false
150201,尾西線（名鉄一宮〜森上）,BS12,観音寺,かんのんじ,1,一宮・岐阜方面,false,false,false,false,false,青,blue,true
150202,尾西線（名鉄一宮〜森上）,BS13,苅安賀,かりやすか,1,一宮・岐阜方面,false,false,false,false,false,青,blue,true
150203,尾西線（名鉄一宮〜森上）,BS14,二子,ふたご,1,一宮・岐阜方面,false,false,false,false,false,青,blue,true
150204,尾西線（名鉄一宮〜森上）,BS15,萩原,はぎわら,1,一宮・岐阜方面,false,false,false,false,false,青,blue,true
150205,尾西線（名鉄一宮〜森上）,BS16,玉野,たまの,1,一宮・岐阜方面,false,false,false,false,false,青,blue,true
150206,尾西線（名鉄一宮〜森上）,BS17,山崎,やまざき,1,一宮・岐阜方面,false,false,false,false,false,青,blue,true
150207,尾西線（名鉄一宮〜森上）,BS18,森上,もりがみ,1,一宮・岐阜方面,false,false,false,false,false,青,blue,true
150301,尾西線（名鉄一宮〜玉ノ井）,BS21,西一宮,にしいちのみや,1,一宮・岐阜方面,false,false,false,false,false,青,blue,true
150302,尾西線（名鉄一宮〜玉ノ井）,BS22,開明,かいめい,1,一宮・岐阜方面,false,false,false,false,false,青,blue,true
150303,尾西線（名鉄一宮〜玉ノ井）,BS23,奥町,おくちょう,1,一宮・岐阜方面,false,false,false,false,false,青,blue,true
150304,尾西線（名鉄一宮〜玉ノ井）,BS24,玉ノ井,たまのい,1,一宮・岐阜方面,false,false,false,false,false,青,blue,true
150401,竹鼻線・羽島線,TH01,西笠松,にしかさまつ,1,一宮・岐阜方面,false,false,false,false,false,青,blue,true
150402,竹鼻線・羽島線,TH02,柳津,やないづ,1,一宮・岐阜方面,false,false,false,false,false,青,blue,true
150403,竹鼻線・羽島線,TH03,南宿,みなみじゅく,1,一宮・岐阜方面,false,false,false,false,false,青,blue,true
150404,竹鼻線・羽島線,TH04,須賀,すか,1,一宮・岐阜方面,false,false,false,false,false,青,blue,true
150405,竹鼻線・羽島線,TH05,不破一色,ふわいしき,1,一宮・岐阜方面,false,false,false,false,false,青,blue,true
150406,竹鼻線・羽島線,TH06,竹鼻,たけはな,1,一宮・岐阜方面,false,false,false,false,false,青,blue,true
150407,竹鼻線・羽島線,TH07,羽島市役所前,はしましやくしょまえ,1,一宮・岐阜方面,false,false,false,false,false,青,blue,true
150408,竹鼻線・羽島線,TH08,江吉良,えぎら,1,一宮・岐阜方面,false,false,false,false,false,青,blue,true
150409,竹鼻線・羽島線,TH09,新羽島,しんはしま,1,一宮・岐阜方面,false,false,false,false,false,青,blue,true
150501,各務原線,KG16,田神,たがみ,1,一宮・岐阜方面,false,false,false,false,false,青,blue,true
150502,各務原線,KG15,細畑,ほそバタ,1,一宮・岐阜方面,false,false,false,false,false,青,blue,true
150503,各務原線,KG14,切通,きりどおし,1,一宮・岐阜方面,false,false,false,false,false,青,blue,true
150504,各務原線,KG13,手力,てぢから,1,一宮・岐阜方面,false,false,false,false,false,青,blue,true
150505,各務原線,KG12,高田橋,たかだばし,1,一宮・岐阜方面,false,false,false,false,false,青,blue,true
150506,各務原線,KG11,新加納,しんかのう,1,一宮・岐阜方面,false,false,false,false,false,青,blue,true
150507,各務原線,KG10,新那加,しんなか,1,一宮・岐阜方面,false,false,false,false,false,青,blue,true
160101,名古屋本線,NH38,東枇杷島,ひがしびわじま,1,須ヶ口・国府宮方面,false,false,false,false,false,黄,yellow,false
160101,名古屋本線,NH39,西枇杷島,にしびわじま,1,須ヶ口・国府宮方面,false,false,false,false,false,黄,yellow,false
160101,名古屋本線,NH41,新川橋,しんかわばし,1,須ヶ口・国府宮方面,false,false,false,false,false,黄,yellow,false
170601,津島線・尾西線,TB01,甚目寺,じもくじ,1,津島・弥富方面,false,true,true,true,true,紫,purple,false
170602,津島線・尾西線,TB02,七宝,しっぽう,1,津島・弥富方面,false,false,false,false,false,紫,purple,true
170603,津島線・尾西線,TB03,木田,きだ,1,津島・弥富方面,false,true,true,true,true,紫,purple,false
170604,津島線・尾西線,TB04,青塚,あおつか,1,津島・弥富方面,false,false,false,false,false,紫,purple,true
170605,津島線・尾西線,TB05,勝幡,しょばた,1,津島・弥富方面,false,true,true,true,true,紫,purple,false
170606,津島線・尾西線,TB06,藤浪,ふじなみ,1,津島・弥富方面,false,false,false,false,false,紫,purple,true
170607,津島線・尾西線,TB07,津島,つしま,1,津島・弥富方面,false,true,true,true,true,紫,purple,false
170608,津島線・尾西線,TB08,日比野,ひびの,1,津島・弥富方面,false,true,true,true,true,紫,purple,false
170609,津島線・尾西線,TB09,佐屋,さや,1,津島・弥富方面,false,true,true,true,true,紫,purple,false
170610,津島線・尾西線,TB10,五ノ三,ごのさん,1,津島・弥富方面,false,false,false,false,false,紫,purple,true
170611,津島線・尾西線,TB11,弥富,やとみ,1,津島・弥富方面,false,false,false,false,false,紫,purple,true
180802,犬山線,IY03,上小田井,かみおたい,1,犬山・可児方面,false,false,true,true,true,緑,green,false
180803,犬山線,IY04,西春,にしはる,1,犬山・可児方面,false,false,true,true,true,緑,green,false
180804,犬山線,IY07,岩倉,いわくら,1,犬山・可児方面,true,true,true,true,true,緑,green,true
180805,犬山線,IY08,石仏,いしぼとけ,1,犬山・可児方面,false,false,false,false,true,緑,green,true
180806,犬山線,IY09,布袋,ほてい,1,犬山・可児方面,false,false,true,true,true,緑,green,true
180807,犬山線,IY10,江南,こうなん,1,犬山・可児方面,true,true,true,true,true,緑,green,false
180808,犬山線,IY11,柏森,かしわもり,1,犬山・可児方面,true,true,true,true,true,緑,green,false
180809,犬山線,IY12,扶桑,ふそう,1,犬山・可児方面,false,false,true,true,true,緑,green,true
180810,犬山線,IY13,木津用水,こつようすい,1,犬山・可児方面,false,false,false,false,true,緑,green,true
180811,犬山線,IY14,犬山口,いぬやまぐち,1,犬山・可児方面,false,false,false,false,true,緑,green,true
180812,犬山線,IY15,犬山,いぬやま,1,犬山・可児方面,true,true,true,true,true,緑,green,true
180813,犬山線,IY16,犬山遊園,いぬやまゆうえん,1,犬山・可児方面,true,true,true,true,true,緑,green,false
180814,犬山線,IY17,新鵜沼,しんうぬま,1,犬山・可児方面,true,true,true,true,true,緑,green,false
180901,広見線（犬山〜新可児）,HM01,富岡前,とみおかまえ,1,犬山・可児方面,false,false,false,false,true,緑,green,true
180902,広見線（犬山〜新可児）,HM02,善師野,ぜんじの,1,犬山・可児方面,false,false,false,false,true,緑,green,true
180903,広見線（犬山〜新可児）,HM03,西可児,にしかに,1,犬山・可児方面,false,false,false,false,true,緑,green,true
180904,広見線（犬山〜新可児）,HM04,可児川,かにがわ,1,犬山・可児方面,false,false,false,false,true,緑,green,true
180905,広見線（犬山〜新可児）,HM05,日本ライン今渡,にほんらいんいまわたり,1,犬山・可児方面,false,false,false,false,true,緑,green,true
180906,広見線（犬山〜新可児）,HM06,新可児,しんかに,1,犬山・可児方面,false,false,false,false,true,緑,green,true
180907,広見線（新可児〜御嵩）,HM07,明智,あけち,1,犬山・可児方面,false,false,false,false,false,緑,green,true
180908,広見線（新可児〜御嵩）,HM08,顔戸,ごうど,1,犬山・可児方面,false,false,false,false,false,緑,green,true
180909,広見線（新可児〜御嵩）,HM09,御嵩口,みたけぐち,1,犬山・可児方面,false,false,false,false,false,緑,green,true
180910,広見線（新可児〜御嵩）,HM10,御嵩,みたけ,1,犬山・可児方面,false,false,false,false,false,緑,green,true
180501,各務原線,KG01,鵜沼宿,うぬまじゅく,1,犬山・可児方面,false,false,false,false,false,緑,green,true
180502,各務原線,KG02,羽場,はば,1,犬山・可児方面,false,false,false,false,false,緑,green,true
180503,各務原線,KG03,苧ヶ瀬,おがせ,1,犬山・可児方面,false,false,false,false,false,緑,green,true
180504,各務原線,KG04,名電各務原,めいでんかかみがはら,1,犬山・可児方面,false,false,false,false,false,緑,green,true
180505,各務原線,KG05,二十軒,にじっけん,1,犬山・可児方面,false,false,false,false,false,緑,green,true
180506,各務原線,KG06,三柿野,みかきの,1,犬山・可児方面,false,false,false,false,false,緑,green,true
180507,各務原線,KG07,六軒,ろっけん,1,犬山・可児方面,false,false,false,false,false,緑,green,true
180508,各務原線,KG08,各務原市役所前,かかみがはらしやくしょまえ,1,犬山・可児方面,false,false,false,false,false,緑,green,true
180509,各務原線,KG09,市民公園前,しみんこうえんまえ,1,犬山・可児方面,false,false,false,false,false,緑,green,true
181001,小牧線,KM01,羽黒,はぐろ,1,犬山・可児方面,false,false,false,false,false,緑,green,true
181002,小牧線,KM02,楽田,がくでん,1,犬山・可児方面,false,false,false,false,false,緑,green,true
181003,小牧線,KM03,田県神社前,たがたじんじゃまえ,1,犬山・可児方面,false,false,false,false,false,緑,green,true
181004,小牧線,KM04,味岡,あじおか,1,犬山・可児方面,false,false,false,false,false,緑,green,true
181005,小牧線,KM05,小牧原,こまきはら,1,犬山・可児方面,false,false,false,false,false,緑,green,true
181006,小牧線,KM06,小牧,こまき,1,犬山・可児方面,false,false,false,false,false,緑,green,true
181007,小牧線,KM07,小牧口,こまきぐち,1,犬山・可児方面,false,false,false,false,false,緑,green,true
181008,小牧線,KM08,間内,まない,1,犬山・可児方面,false,false,false,false,false,緑,green,true
181009,小牧線,KM09,牛山,うしやま,1,犬山・可児方面,false,false,false,false,false,緑,green,true
181010,小牧線,KM10,春日井,かすがい,1,犬山・可児方面,false,false,false,false,false,緑,green,true
181011,小牧線,KM11,味美,あじよし,1,犬山・可児方面,false,false,false,false,false,緑,green,true
181012,小牧線,KM12,味鋺,あじま,1,犬山・可児方面,false,false,false,false,false,緑,green,true
181013,小牧線,KM13,上飯田,かみいいだ,1,犬山・可児方面,false,false,false,false,false,緑,green,true
190802,犬山線,IY01,下小田井,しもおたい,1,西春・岩倉方面,false,false,false,false,false,水色,lightBlue,false
190803,犬山線,IY02,中小田井,なかおたい,1,西春・岩倉方面,false,false,false,false,false,水色,lightBlue,false
190804,犬山線,IY05,徳重・名古屋芸大,とくしげ・なごやげいだい,1,西春・岩倉方面,false,false,false,false,false,水色,lightBlue,false
190805,犬山線,IY06,大山寺,たいさんじ,1,西春・岩倉方面,false,false,false,false,false,水色,lightBlue,false
410101,名古屋本線,NH34,金山,かなやま,4,岡崎・豊橋方面,true,true,true,true,true,青,blue,false
410102,名古屋本線,NH33,神宮前,じんぐうまえ,4,岡崎・豊橋方面,true,true,true,true,true,青,blue,false
410103,名古屋本線,NH32,堀田,ほりた,4,岡崎・豊橋方面,false,false,false,true,true,青,blue,false
410104,名古屋本線,NH27,鳴海,なるみ,4,岡崎・豊橋方面,false,false,false,true,true,青,blue,false
410105,名古屋本線,NH26,左京山,さきょうやま,4,岡崎・豊橋方面,false,false,false,false,false,青,blue,true
410106,名古屋本線,NH25,有松,ありまつ,4,岡崎・豊橋方面,false,false,false,false,true,青,blue,true
410107,名古屋本線,NH24,中京競馬場前,ちゅうきょうけいばじょうまえ,4,岡崎・豊橋方面,false,false,false,false,true,青,blue,true
410108,名古屋本線,NH23,前後,ぜんご,4,岡崎・豊橋方面,false,false,false,true,true,青,blue,false
410109,名古屋本線,NH22,豊明,とよあけ,4,岡崎・豊橋方面,false,false,false,false,true,青,blue,true
410110,名古屋本線,NH21,富士松,ふじまつ,4,岡崎・豊橋方面,false,false,false,false,false,青,blue,true
410111,名古屋本線,NH20,一ツ木,ひとつぎ,4,岡崎・豊橋方面,false,false,false,false,false,青,blue,true
410112,名古屋本線,NH19,知立,ちりゅう,4,岡崎・豊橋方面,true,true,false,true,true,青,blue,false
410113,名古屋本線,NH18,牛田,うしだ,4,岡崎・豊橋方面,false,false,false,false,false,青,blue,true
410114,名古屋本線,NH17,新安城,しんあんじょう,4,岡崎・豊橋方面,false,true,false,true,true,青,blue,false
410115,名古屋本線,NH16,宇頭,うとう,4,岡崎・豊橋方面,false,false,false,false,false,青,blue,true
410116,名古屋本線,NH15,矢作橋,やはぎばし,4,岡崎・豊橋方面,false,false,false,false,true,青,blue,true
410117,名古屋本線,NH14,岡崎公園前,おかざきこうえんまえ,4,岡崎・豊橋方面,false,false,false,false,false,青,blue,true
410118,名古屋本線,NH13,東岡崎,ひがしおかざき,4,岡崎・豊橋方面,true,true,false,true,true,青,blue,false
410119,名古屋本線,NH12,男川,おとがわ,4,岡崎・豊橋方面,false,false,false,false,true,青,blue,true
410120,名古屋本線,NH11,美合,みあい,4,岡崎・豊橋方面,false,false,false,true,true,青,blue,true
410121,名古屋本線,NH10,藤川,ふじかわ,4,岡崎・豊橋方面,false,false,false,false,true,青,blue,true
410122,名古屋本線,NH9,名電山中,めいでんやまなか,4,岡崎・豊橋方面,false,false,false,false,false,青,blue,true
410123,名古屋本線,NH8,本宿,もとじゅく,4,岡崎・豊橋方面,false,false,false,true,true,青,blue,true
410124,名古屋本線,NH7,名電長沢,めいでんながさわ,4,岡崎・豊橋方面,false,false,false,false,false,青,blue,true
410125,名古屋本線,NH6,名電赤坂,めいでんあかさか,4,岡崎・豊橋方面,false,false,false,false,false,青,blue,true
410126,名古屋本線,NH5,御油,ごゆ,4,岡崎・豊橋方面,false,false,false,false,false,青,blue,true
410127,名古屋本線,NH4,国府,こう,4,岡崎・豊橋方面,false,true,false,true,true,青,blue,false
410128,名古屋本線,NH3,小田渕,おだぶち,4,岡崎・豊橋方面,false,false,false,false,false,青,blue,true
410129,名古屋本線,NH2,伊奈,いな,4,岡崎・豊橋方面,false,false,false,true,true,青,blue,true
410130,名古屋本線,NH1,豊橋,とよはし,4,岡崎・豊橋方面,true,true,false,true,false,青,blue,false
410201,豊川線,TK01,八幡,やわた,4,岡崎・豊橋方面,false,false,false,true,true,青,blue,true
410202,豊川線,TK02,諏訪町,すわちょう,4,岡崎・豊橋方面,false,false,false,true,true,青,blue,true
410203,豊川線,TK03,稲荷口,いなりぐち,4,岡崎・豊橋方面,false,false,false,true,true,青,blue,true
410204,豊川線,TK04,豊川稲荷,とよかわいなり,4,岡崎・豊橋方面,false,false,false,true,true,青,blue,true
410301,西尾線・蒲郡線,GN01,北安城,きたあんじょう,4,岡崎・豊橋方面,false,false,false,false,false,青,blue,true
410302,西尾線・蒲郡線,GN02,南安城,みなみあんじょう,4,岡崎・豊橋方面,false,false,false,true,false,青,blue,true
410303,西尾線・蒲郡線,GN03,碧海古井,へきかいふるい,4,岡崎・豊橋方面,false,false,false,false,false,青,blue,true
410304,西尾線・蒲郡線,GN04,堀内公園,ほりうちこうえん,4,岡崎・豊橋方面,false,false,false,false,false,青,blue,true
410305,西尾線・蒲郡線,GN05,桜井,さくらい,4,岡崎・豊橋方面,false,false,false,true,false,青,blue,true
410306,西尾線・蒲郡線,GN06,南桜井,みなみさくらい,4,岡崎・豊橋方面,false,false,false,true,false,青,blue,true
410307,西尾線・蒲郡線,GN07,米津,よねづ,4,岡崎・豊橋方面,false,false,false,true,false,青,blue,true
410308,西尾線・蒲郡線,GN08,桜町前,さくらまちまえ,4,岡崎・豊橋方面,false,false,false,true,false,青,blue,true
410309,西尾線・蒲郡線,GN09,西尾口,にしおぐち,4,岡崎・豊橋方面,false,false,false,false,false,青,blue,true
410310,西尾線・蒲郡線,GN10,西尾,にしお,4,岡崎・豊橋方面,false,false,false,true,false,青,blue,true
410311,西尾線・蒲郡線,GN11,福地,ふくち,4,岡崎・豊橋方面,false,false,false,true,false,青,blue,true
410312,西尾線・蒲郡線,GN12,上横須賀,かみよこすか,4,岡崎・豊橋方面,false,false,false,true,false,青,blue,true
410313,西尾線・蒲郡線,GN13,吉良吉田,きらよしだ,4,岡崎・豊橋方面,false,false,false,true,false,青,blue,true
410314,西尾線・蒲郡線,GN14,三河鳥羽,みかわとば,4,岡崎・豊橋方面,false,false,false,false,false,青,blue,true
410315,西尾線・蒲郡線,GN15,西幡豆,にしはず,4,岡崎・豊橋方面,false,false,false,false,false,青,blue,true
410316,西尾線・蒲郡線,GN16,東幡豆,ひがしはず,4,岡崎・豊橋方面,false,false,false,false,false,青,blue,true
410317,西尾線・蒲郡線,GN17,こどもの国,こどものくに,4,岡崎・豊橋方面,false,false,false,false,false,青,blue,true
410318,西尾線・蒲郡線,GN18,西浦,にしうら,4,岡崎・豊橋方面,false,false,false,false,false,青,blue,true
410319,西尾線・蒲郡線,GN19,形原,かたはら,4,岡崎・豊橋方面,false,false,false,false,false,青,blue,true
410320,西尾線・蒲郡線,GN20,三河鹿島,みかわかしま,4,岡崎・豊橋方面,false,false,false,false,false,青,blue,true
410321,西尾線・蒲郡線,GN21,蒲郡競艇場前,がまごおりきょうていじょうまえ,4,岡崎・豊橋方面,false,false,false,false,false,青,blue,true
410322,西尾線・蒲郡線,GN22,蒲郡,がまごおり,4,岡崎・豊橋方面,false,false,false,false,false,青,blue,true
410401,三河線（知立〜碧南）,MU01,重原,しげはら,4,岡崎・豊橋方面,false,false,false,false,false,青,blue,true
410402,三河線（知立〜碧南）,MU02,刈谷,かりや,4,岡崎・豊橋方面,false,false,false,false,false,青,blue,true
410403,三河線（知立〜碧南）,MU03,刈谷市,かりやし,4,岡崎・豊橋方面,false,false,false,false,false,青,blue,true
410404,三河線（知立〜碧南）,MU04,小垣江,おがきえ,4,岡崎・豊橋方面,false,false,false,false,false,青,blue,true
410405,三河線（知立〜碧南）,MU05,吉浜,よしはま,4,岡崎・豊橋方面,false,false,false,false,false,青,blue,true
410406,三河線（知立〜碧南）,MU06,三河高浜,みかわたかはま,4,岡崎・豊橋方面,false,false,false,false,false,青,blue,true
410407,三河線（知立〜碧南）,MU07,高浜港,たかはまみなと,4,岡崎・豊橋方面,false,false,false,false,false,青,blue,true
410408,三河線（知立〜碧南）,MU08,北新川,きたしんかわ,4,岡崎・豊橋方面,false,false,false,false,false,青,blue,true
410409,三河線（知立〜碧南）,MU09,新川町,しんかわまち,4,岡崎・豊橋方面,false,false,false,false,false,青,blue,true
410410,三河線（知立〜碧南）,MU10,碧南中央,へきなんちゅうおう,4,岡崎・豊橋方面,false,false,false,false,false,青,blue,true
410411,三河線（知立〜碧南）,MU11,碧南,へきなん,4,岡崎・豊橋方面,false,false,false,false,false,青,blue,true
410412,三河線（知立〜猿投）,MY01,三河知立,みかわちりゅう,4,岡崎・豊橋方面,false,false,false,false,false,青,blue,true
410413,三河線（知立〜猿投）,MY02,三河八橋,みかわやつはし,4,岡崎・豊橋方面,false,false,false,false,false,青,blue,true
410414,三河線（知立〜猿投）,MY03,若林,わかばやし,4,岡崎・豊橋方面,false,false,false,false,false,青,blue,true
410415,三河線（知立〜猿投）,MY04,竹村,たけむら,4,岡崎・豊橋方面,false,false,false,false,false,青,blue,true
410416,三河線（知立〜猿投）,MY05,土橋,つちはし,4,岡崎・豊橋方面,false,false,false,false,false,青,blue,true
410417,三河線（知立〜猿投）,MY06,上挙母,うわごろも,4,岡崎・豊橋方面,false,false,false,false,false,青,blue,true
410418,三河線（知立〜猿投）,MY07,豊田市,とよたし,4,岡崎・豊橋方面,false,false,false,false,false,青,blue,true
410419,三河線（知立〜猿投）,MY08,梅坪,うめつぼ,4,岡崎・豊橋方面,false,false,false,false,false,青,blue,true
410420,三河線（知立〜猿投）,MY09,越戸,こしど,4,岡崎・豊橋方面,false,false,false,false,false,青,blue,true
410421,三河線（知立〜猿投）,MY10,平戸橋,ひらとばし,4,岡崎・豊橋方面,false,false,false,false,false,青,blue,true
410422,三河線（知立〜猿投）,MY11,猿投,さなげ,4,岡崎・豊橋方面,false,false,false,false,false,青,blue,true
410501,豊田線,TT01,上豊田,かみとよた,4,岡崎・豊橋方面,false,false,false,false,false,青,blue,true
410502,豊田線,TT02,浄水,じょうすい,4,岡崎・豊橋方面,false,false,false,false,false,青,blue,true
410503,豊田線,TT03,三好ヶ丘,みよしがおか,4,岡崎・豊橋方面,false,false,false,false,false,青,blue,true
410504,豊田線,TT04,黒笹,くろざさ,4,岡崎・豊橋方面,false,false,false,false,false,青,blue,true
410505,豊田線,TT05,米野木,こめのき,4,岡崎・豊橋方面,false,false,false,false,false,青,blue,true
410506,豊田線,TT06,日進,にっしん,4,岡崎・豊橋方面,false,false,false,false,false,青,blue,true
410507,豊田線,TT07,赤池,あかいけ,4,岡崎・豊橋方面,false,false,false,false,false,青,blue,true
420101,名古屋本線,NH35,山王,さんのう,4,鳴海・豊明方面,false,false,false,false,false,黄,yellow,false
420102,名古屋本線,NH31,呼続,よびつぎ,4,鳴海・豊明方面,false,false,false,false,false,黄,yellow,false
420103,名古屋本線,NH30,桜,さくら,4,鳴海・豊明方面,false,false,false,false,false,黄,yellow,false
420104,名古屋本線,NH29,本笠寺,もとかさでら,4,鳴海・豊明方面,false,false,false,false,false,黄,yellow,false
420105,名古屋本線,NH28,本星崎,もとほしざき,4,鳴海・豊明方面,false,false,false,false,false,黄,yellow,false
430605,常滑線・空港線,TA03,大江,おおえ,4,河和・内海・中部国際空港方面方面,false,false,false,true,true,緑,green,false
430606,常滑線・空港線,TA04,大同町,だいどうちょう,4,河和・内海・中部国際空港方面方面,false,false,false,false,true,緑,green,true
430607,常滑線・空港線,TA05,柴田,しばた,4,河和・内海・中部国際空港方面方面,false,false,false,false,false,緑,green,true
430608,常滑線・空港線,TA06,名和,なわ,4,河和・内海・中部国際空港方面方面,false,false,false,false,false,緑,green,true
430609,常滑線・空港線,TA07,聚楽園,しゅうらくえん,4,河和・内海・中部国際空港方面方面,false,false,false,false,true,緑,green,true
430610,常滑線・空港線,TA08,新日鉄前,しんにってつまえ,4,河和・内海・中部国際空港方面方面,false,false,false,false,false,緑,green,true
430611,常滑線・空港線,TA09,太田川,おおたがわ,4,河和・内海・中部国際空港方面方面,false,true,true,true,true,緑,green,false
430612,常滑線・空港線,TA10,尾張横須賀,おわりよこすか,4,河和・内海・中部国際空港方面方面,false,true,true,true,true,緑,green,false
430613,常滑線・空港線,TA11,寺本,てらもと,4,河和・内海・中部国際空港方面方面,false,false,false,true,true,緑,green,true
430614,常滑線・空港線,TA12,朝倉,あさくら,4,河和・内海・中部国際空港方面方面,false,true,true,true,true,緑,green,false
430615,常滑線・空港線,TA13,古見,こみ,4,河和・内海・中部国際空港方面方面,false,false,false,true,true,緑,green,true
430616,常滑線・空港線,TA14,長浦,ながうら,4,河和・内海・中部国際空港方面方面,false,false,false,false,false,緑,green,true
430617,常滑線・空港線,TA15,日長,ひなが,4,河和・内海・中部国際空港方面方面,false,false,false,false,false,緑,green,true
430618,常滑線・空港線,TA16,新舞子,しんまいこ,4,河和・内海・中部国際空港方面方面,false,true,true,true,true,緑,green,false
430619,常滑線・空港線,TA17,大野町,おおのまち,4,河和・内海・中部国際空港方面方面,false,false,false,true,true,緑,green,true
430620,常滑線・空港線,TA18,西ノ口,にしのくち,4,河和・内海・中部国際空港方面方面,false,false,false,false,false,緑,green,true
430621,常滑線・空港線,TA19,蒲池,かばいけ,4,河和・内海・中部国際空港方面方面,false,false,false,false,false,緑,green,true
430622,常滑線・空港線,TA20,榎戸,えのきど,4,河和・内海・中部国際空港方面方面,false,false,false,false,false,緑,green,true
430623,常滑線・空港線,TA21,多屋,たや,4,河和・内海・中部国際空港方面方面,false,false,false,false,false,緑,green,true
430624,常滑線・空港線,TA22,常滑,とこなめ,4,河和・内海・中部国際空港方面方面,false,true,true,true,true,緑,green,false
430625,常滑線・空港線,TA23,りんくう常滑,りんくうとこなめ,4,河和・内海・中部国際空港方面方面,false,false,false,true,true,緑,green,false
430626,常滑線・空港線,TA24,中部国際空港,ちゅうぶこくさいくうこう,4,河和・内海・中部国際空港方面方面,false,true,true,true,true,緑,green,false
430701,築港線,CH03,東名古屋港,ひがしなごやこう,4,河和・内海・中部国際空港方面方面,false,false,false,false,false,緑,green,true
430801,河和線,KC01,高横須賀,たかよこすか,4,河和・内海・中部国際空港方面方面,false,false,false,false,false,緑,green,true
430802,河和線,KC03,南加木屋,みなみかぎや,4,河和・内海・中部国際空港方面方面,false,false,true,true,true,緑,green,false
430803,河和線,KC04,八幡新田,やわたしんでん,4,河和・内海・中部国際空港方面方面,false,false,false,false,false,緑,green,true
430804,河和線,KC05,巽ヶ丘,たつみがおか,4,河和・内海・中部国際空港方面方面,false,false,true,true,true,緑,green,false
430805,河和線,KC06,白沢,しらさわ,4,河和・内海・中部国際空港方面方面,false,false,false,false,false,緑,green,true
430806,河和線,KC07,坂部,さかべ,4,河和・内海・中部国際空港方面方面,false,false,false,false,false,緑,green,true
430807,河和線,KC08,阿久比,あぐい,4,河和・内海・中部国際空港方面方面,false,true,true,true,true,緑,green,false
430808,河和線,KC09,植大,うえだい,4,河和・内海・中部国際空港方面方面,false,false,false,false,false,緑,green,true
430809,河和線,KC10,半田口,はんだぐち,4,河和・内海・中部国際空港方面方面,false,false,false,false,false,緑,green,true
430810,河和線,KC11,住吉町,すみよしちょう,4,河和・内海・中部国際空港方面方面,false,false,true,true,true,緑,green,false
430811,河和線,KC12,知多半田,ちたはんだ,4,河和・内海・中部国際空港方面方面,false,true,true,true,true,緑,green,false
430812,河和線,KC13,成岩,ならわ,4,河和・内海・中部国際空港方面方面,false,false,true,true,true,緑,green,false
430813,河和線,KC14,青山,あおやま,4,河和・内海・中部国際空港方面方面,false,true,true,true,true,緑,green,false
430814,河和線,KC15,上ゲ,あげ,4,河和・内海・中部国際空港方面方面,false,false,false,true,false,緑,green,false
430815,河和線,KC16,知多武豊,ちたたけとよ,4,河和・内海・中部国際空港方面方面,false,true,true,true,true,緑,green,false
430816,河和線,KC17,富貴,ふき,4,河和・内海・中部国際空港方面方面,false,true,true,true,true,緑,green,false
430817,河和線,KC18,河和口,こうわぐち,4,河和・内海・中部国際空港方面方面,false,true,true,true,true,緑,green,false
430818,河和線,KC19,河和,こうわ,4,河和・内海・中部国際空港方面方面,false,true,true,true,true,緑,green,false
430901,知多新線,KC20,上野間,かみのま,4,河和・内海・中部国際空港方面方面,false,true,true,true,true,緑,green,true
430902,知多新線,KC21,美浜緑苑,みはまりょくえん,4,河和・内海・中部国際空港方面方面,false,true,true,true,true,緑,green,true
430903,知多新線,KC22,知多奥田,ちたおくだ,4,河和・内海・中部国際空港方面方面,false,true,true,true,true,緑,green,true
430904,知多新線,KC23,野間,のま,4,河和・内海・中部国際空港方面方面,false,true,true,true,true,緑,green,true
430905,知多新線,KC24,内海,うつみ,4,河和・内海・中部国際空港方面方面,false,true,true,true,true,緑,green,true
440601,常滑線・空港線,TA01,豊田本町,とよだほんまち,4,大江・太田川方面,false,false,false,false,false,水色,lightBlue,false
440602,常滑線・空港線,TA02,道徳,どうとく,4,大江・太田川方面,false,false,false,false,false,水色,lightBlue,false